company,sector,stage,location,founded_year,hiring_likelihood_score,priority,comparable_existing_customer,outreach_opener
Navana AI,Voice AI / Enterprise,Seed,Bengaluru,2024,5,High,Sarvam AI,"Hey [Name] - saw Navana AI is scaling as a Seed-stage Voice AI / Enterprise company. We recently helped Sarvam AI, a similar-profile startup, with the exact headache most founders at your stage flag: finding engineers who can actually ship in a fast-moving AI product. CodeRound gets you to a hire in 7 days at a 4:1 interview-to-offer ratio (top 3% of candidates), and saves engineering teams 75% of screening time along the way. Worth a quick look?"
Bizup,Fashion / B2B Marketplace,Seed,Bengaluru,2024,5,High,Jumbotail,"Hey [Name] - saw Bizup is scaling as a Seed-stage Fashion / B2B Marketplace company. We recently helped Jumbotail, a similar-profile startup, with the exact headache most founders at your stage flag: hiring fast without slowing down a lean founding team. CodeRound gets you to a hire in 7 days at a 4:1 interview-to-offer ratio (top 3% of candidates), and saves engineering teams 75% of screening time along the way. Worth a quick look?"
Cautio,AI Dashcam / Fleet Tech,Seed,Bengaluru,2024,5,High,Nurix,"Hey [Name] - saw Cautio is scaling as a Seed-stage AI Dashcam / Fleet Tech company. We recently helped Nurix, a similar-profile startup, with the exact headache most founders at your stage flag: finding engineers who can actually ship in a fast-moving AI product. CodeRound gets you to a hire in 7 days at a 4:1 interview-to-offer ratio (top 3% of candidates), and saves engineering teams 75% of screening time along the way. Worth a quick look?"
Namma Yatri,Mobility / Consumer Tech,Seed,Bengaluru,2025,5,High,Snabbit,"Hey [Name] - saw Namma Yatri is scaling as a Seed-stage Mobility / Consumer Tech company. We recently helped Snabbit, a similar-profile startup, with the exact headache most founders at your stage flag: screening high volumes of applicants as you scale across cities. CodeRound gets you to a hire in 7 days at a 4:1 interview-to-offer ratio (top 3% of candidates), and saves engineering teams 75% of screening time along the way. Worth a quick look?"
HireBound,HR Tech / Recruiting,Seed,Gurgaon,2026,5,High,Zoca,"Hey [Name] - saw HireBound is scaling as a Seed-stage HR Tech / Recruiting company. We recently helped Zoca, a similar-profile startup, with the exact headache most founders at your stage flag: practicing what you preach - fast, fair, high-signal technical screening. CodeRound gets you to a hire in 7 days at a 4:1 interview-to-offer ratio (top 3% of candidates), and saves engineering teams 75% of screening time along the way. Worth a quick look?"
Pascal AI Labs,Artificial Intelligence,Seed,Bengaluru,2025,5,High,Sarvam AI,"Hey [Name] - saw Pascal AI Labs is scaling as a Seed-stage Artificial Intelligence company. We recently helped Sarvam AI, a similar-profile startup, with the exact headache most founders at your stage flag: filtering signal from noise in an AI hiring market flooded with inflated resumes. CodeRound gets you to a hire in 7 days at a 4:1 interview-to-offer ratio (top 3% of candidates), and saves engineering teams 75% of screening time along the way. Worth a quick look?"
Navo,Consumer Tech,Seed,Haryana,2025,5,High,Snabbit,"Hey [Name] - saw Navo is scaling as a Seed-stage Consumer Tech company. We recently helped Snabbit, a similar-profile startup, with the exact headache most founders at your stage flag: screening high volumes of applicants as you scale. CodeRound gets you to a hire in 7 days at a 4:1 interview-to-offer ratio (top 3% of candidates), and saves engineering teams 75% of screening time along the way. Worth a quick look?"
Redacto,AI / Document Automation,Seed,Bengaluru,2024,5,High,Mem0,"Hey [Name] - saw Redacto is scaling as a Seed-stage AI / Document Automation company. We recently helped Mem0, a similar-profile startup, with the exact headache most founders at your stage flag: finding engineers who can actually ship in a fast-moving AI product. CodeRound gets you to a hire in 7 days at a 4:1 interview-to-offer ratio (top 3% of candidates), and saves engineering teams 75% of screening time along the way. Worth a quick look?"
Green Aero,Deep Tech / Drones,Seed,India,2024,5,High,Simplismart,"Hey [Name] - saw Green Aero is scaling as a Seed-stage Deep Tech / Drones company. We recently helped Simplismart, a similar-profile startup, with the exact headache most founders at your stage flag: finding rare, highly technical talent fast in a niche field. CodeRound gets you to a hire in 7 days at a 4:1 interview-to-offer ratio (top 3% of candidates), and saves engineering teams 75% of screening time along the way. Worth a quick look?"
Nudge,B2C AI / Money Coach,Seed,Mumbai,2023,5,High,Simplismart,"Hey [Name] - saw Nudge is scaling as a Seed-stage B2C AI / Money Coach company. We recently helped Simplismart, a similar-profile startup, with the exact headache most founders at your stage flag: finding engineers who can actually ship in a fast-moving AI product. CodeRound gets you to a hire in 7 days at a 4:1 interview-to-offer ratio (top 3% of candidates), and saves engineering teams 75% of screening time along the way. Worth a quick look?"
HouseEazy,Real Estate / PropTech,Series A,Mumbai,2023,4,High,Practo,"Hey [Name] - saw HouseEazy is scaling as a Series A-stage Real Estate / PropTech company. We recently helped Practo, a similar-profile startup, with the exact headache most founders at your stage flag: hiring product engineers without your ops team getting buried in resume screening. CodeRound gets you to a hire in 7 days at a 4:1 interview-to-offer ratio (top 3% of candidates), and saves engineering teams 75% of screening time along the way. Worth a quick look?"
Inamo,Fintech,Series A,Mumbai,2026,4,High,Zenskar,"Hey [Name] - saw Inamo is scaling as a Series A-stage Fintech company. We recently helped Zenskar, a similar-profile startup, with the exact headache most founders at your stage flag: hiring engineers fast without compromising on technical bar, especially under compliance pressure. CodeRound gets you to a hire in 7 days at a 4:1 interview-to-offer ratio (top 3% of candidates), and saves engineering teams 75% of screening time along the way. Worth a quick look?"
Rocketium,Marketing Tech / SaaS,Series A,Bengaluru,2016,4,High,Pendo,"Hey [Name] - saw Rocketium is scaling as a Series A-stage Marketing Tech / SaaS company. We recently helped Pendo, a similar-profile startup, with the exact headache most founders at your stage flag: screening technical candidates fast enough to keep up with your growth stage. CodeRound gets you to a hire in 7 days at a 4:1 interview-to-offer ratio (top 3% of candidates), and saves engineering teams 75% of screening time along the way. Worth a quick look?"
Springworks,HR Tech / SaaS,Series A,Meghalaya,2015,4,High,Zoca,"Hey [Name] - saw Springworks is scaling as a Series A-stage HR Tech / SaaS company. We recently helped Zoca, a similar-profile startup, with the exact headache most founders at your stage flag: practicing what you preach - fast, fair, high-signal technical screening. CodeRound gets you to a hire in 7 days at a 4:1 interview-to-offer ratio (top 3% of candidates), and saves engineering teams 75% of screening time along the way. Worth a quick look?"
Wint Wealth,Fintech,Series A,Bengaluru,2020,4,High,Zenskar,"Hey [Name] - saw Wint Wealth is scaling as a Series A-stage Fintech company. We recently helped Zenskar, a similar-profile startup, with the exact headache most founders at your stage flag: hiring engineers fast without compromising on technical bar, especially under compliance pressure. CodeRound gets you to a hire in 7 days at a 4:1 interview-to-offer ratio (top 3% of candidates), and saves engineering teams 75% of screening time along the way. Worth a quick look?"
Zolve,Fintech,Series B,Bengaluru,2021,3,Medium,Zenskar,"Hey [Name] - saw Zolve is scaling as a Series B-stage Fintech company. We recently helped Zenskar, a similar-profile startup, with the exact headache most founders at your stage flag: hiring engineers fast without compromising on technical bar, especially under compliance pressure. CodeRound gets you to a hire in 7 days at a 4:1 interview-to-offer ratio (top 3% of candidates), and saves engineering teams 75% of screening time along the way. Worth a quick look?"
Zomentum,SaaS / Sales Tech,Series B,Bengaluru,2019,3,Medium,CodeRabbit,"Hey [Name] - saw Zomentum is scaling as a Series B-stage SaaS / Sales Tech company. We recently helped CodeRabbit, a similar-profile startup, with the exact headache most founders at your stage flag: scaling your eng team without your senior engineers losing a week every sprint to first-round interviews. CodeRound gets you to a hire in 7 days at a 4:1 interview-to-offer ratio (top 3% of candidates), and saves engineering teams 75% of screening time along the way. Worth a quick look?"
Jupiter Money,Fintech,Series C,Mumbai,2019,2,Low,Zenskar,"Hey [Name] - saw Jupiter Money is scaling as a Series C-stage Fintech company. We recently helped Zenskar, a similar-profile startup, with the exact headache most founders at your stage flag: hiring engineers fast without compromising on technical bar, especially under compliance pressure. CodeRound gets you to a hire in 7 days at a 4:1 interview-to-offer ratio (top 3% of candidates), and saves engineering teams 75% of screening time along the way. Worth a quick look?"
Slice,Fintech,Series D,Bengaluru,2016,2,Low,Zenskar,"Hey [Name] - saw Slice is scaling as a Series D-stage Fintech company. We recently helped Zenskar, a similar-profile startup, with the exact headache most founders at your stage flag: hiring engineers fast without compromising on technical bar, especially under compliance pressure. CodeRound gets you to a hire in 7 days at a 4:1 interview-to-offer ratio (top 3% of candidates), and saves engineering teams 75% of screening time along the way. Worth a quick look?"
Khatabook,Fintech / SMB SaaS,Series C,Bengaluru,2018,2,Low,CodeRabbit,"Hey [Name] - saw Khatabook is scaling as a Series C-stage Fintech / SMB SaaS company. We recently helped CodeRabbit, a similar-profile startup, with the exact headache most founders at your stage flag: screening technical candidates fast without burning founder or senior-eng time. CodeRound gets you to a hire in 7 days at a 4:1 interview-to-offer ratio (top 3% of candidates), and saves engineering teams 75% of screening time along the way. Worth a quick look?"
